<?xml version="1.0" encoding="UTF-8"?>

<!-- generated on 2022-10-19 18:38:30 by Eclipse SUMO netconvert Version 1.13.0
<configuration xmlns:xsi="http://www.w3.org/2001/XMLSchema-instance" xsi:noNamespaceSchemaLocation="http://sumo.dlr.de/xsd/netconvertConfiguration.xsd">

    <input>
        <node-files value="/home/lxl/LibSignal/main_cp/LibSignal/data/raw_data/hangzhou_1x1_bc-tyc_18041610_1h/hangzhou_1x1_bc-tyc_18041610_1h.nod.xml"/>
        <edge-files value="/home/lxl/LibSignal/main_cp/LibSignal/data/raw_data/hangzhou_1x1_bc-tyc_18041610_1h/hangzhou_1x1_bc-tyc_18041610_1h.edg.xml"/>
        <connection-files value="/home/lxl/LibSignal/main_cp/LibSignal/data/raw_data/hangzhou_1x1_bc-tyc_18041610_1h/hangzhou_1x1_bc-tyc_18041610_1h.con.xml"/>
        <tllogic-files value="/home/lxl/LibSignal/main_cp/LibSignal/data/raw_data/hangzhou_1x1_bc-tyc_18041610_1h/hangzhou_1x1_bc-tyc_18041610_1h.tll.xml"/>
    </input>

    <output>
        <output-file value="/home/lxl/LibSignal/main_cp/LibSignal/data/raw_data/hangzhou_1x1_bc-tyc_18041610_1h/hangzhou_1x1_bc-tyc_18041610_1h.net.xml"/>
    </output>

    <report>
        <aggregate-warnings value="5"/>
    </report>

</configuration>
-->

<net version="1.9" junctionCornerDetail="5" limitTurnSpeed="5.50" xmlns:xsi="http://www.w3.org/2001/XMLSchema-instance" xsi:noNamespaceSchemaLocation="http://sumo.dlr.de/xsd/net_file.xsd">

    <location netOffset="300.00,300.00" convBoundary="0.00,0.00,600.00,600.00" origBoundary="-300.00,-300.00,300.00,300.00" projParameter="!"/>

    <edge id=":intersection_0_1_0" function="internal">
        <lane id=":intersection_0_1_0_0" index="0" speed="3.65" length="4.67" shape="0.00,301.60 -1.20,300.80 -1.60,300.00 -1.20,299.20 0.00,298.40"/>
    </edge>
    <edge id=":intersection_1_0_0" function="internal">
        <lane id=":intersection_1_0_0_0" index="0" speed="3.65" length="4.67" shape="298.40,0.00 299.20,-1.20 300.00,-1.60 300.80,-1.20 301.60,0.00"/>
    </edge>
    <edge id=":intersection_1_1_0" function="internal">
        <lane id=":intersection_1_1_0_0" index="0" speed="11.11" length="20.96" shape="295.20,310.40 295.20,289.60"/>
        <lane id=":intersection_1_1_0_1" index="1" speed="11.11" length="20.96" shape="295.20,310.40 295.70,304.34 296.80,300.00 297.90,295.66 298.40,289.60"/>
    </edge>
    <edge id=":intersection_1_1_2" function="internal">
        <lane id=":intersection_1_1_2_0" index="0" speed="9.84" length="21.99" shape="298.40,310.40 299.15,303.75 301.40,299.00 305.15,296.15 310.40,295.20"/>
        <lane id=":intersection_1_1_2_1" index="1" speed="9.26" length="19.35" shape="298.40,310.40 299.15,305.15 301.40,301.40 305.15,299.15 310.40,298.40"/>
    </edge>
    <edge id=":intersection_1_1_4" function="internal">
        <lane id=":intersection_1_1_4_0" index="0" speed="11.11" length="20.96" shape="310.40,304.80 289.60,304.80"/>
        <lane id=":intersection_1_1_4_1" index="1" speed="11.11" length="20.96" shape="310.40,304.80 304.34,304.30 300.00,303.20 295.66,302.10 289.60,301.60"/>
    </edge>
    <edge id=":intersection_1_1_6" function="internal">
        <lane id=":intersection_1_1_6_0" index="0" speed="9.84" length="21.99" shape="310.40,301.60 303.75,300.85 299.00,298.60 296.15,294.85 295.20,289.60"/>
        <lane id=":intersection_1_1_6_1" index="1" speed="9.26" length="19.35" shape="310.40,301.60 305.15,300.85 301.40,298.60 299.15,294.85 298.40,289.60"/>
    </edge>
    <edge id=":intersection_1_1_8" function="internal">
        <lane id=":intersection_1_1_8_0" index="0" speed="11.11" length="20.96" shape="304.80,289.60 304.80,310.40"/>
        <lane id=":intersection_1_1_8_1" index="1" speed="11.11" length="20.96" shape="304.80,289.60 304.30,295.66 303.20,300.00 302.10,304.34 301.60,310.40"/>
    </edge>
    <edge id=":intersection_1_1_10" function="internal">
        <lane id=":intersection_1_1_10_0" index="0" speed="9.84" length="21.99" shape="301.60,289.60 300.85,296.25 298.60,301.00 294.85,303.85 289.60,304.80"/>
        <lane id=":intersection_1_1_10_1" index="1" speed="9.26" length="19.35" shape="301.60,289.60 300.85,294.85 298.60,298.60 294.85,300.85 289.60,301.60"/>
    </edge>
    <edge id=":intersection_1_1_12" function="internal">
        <lane id=":intersection_1_1_12_0" index="0" speed="11.11" length="20.96" shape="289.60,295.20 310.40,295.20"/>
        <lane id=":intersection_1_1_12_1" index="1" speed="11.11" length="20.96" shape="289.60,295.20 295.66,295.70 300.00,296.80 304.34,297.90 310.40,298.40"/>
    </edge>
    <edge id=":intersection_1_1_14" function="internal">
        <lane id=":intersection_1_1_14_0" index="0" speed="9.84" length="21.99" shape="289.60,298.40 296.25,299.15 301.00,301.40 303.85,305.15 304.80,310.40"/>
        <lane id=":intersection_1_1_14_1" index="1" speed="9.26" length="19.35" shape="289.60,298.40 294.85,299.15 298.60,301.40 300.85,305.15 301.60,310.40"/>
    </edge>
    <edge id=":intersection_1_2_0" function="internal">
        <lane id=":intersection_1_2_0_0" index="0" speed="3.65" length="4.67" shape="301.60,600.00 300.80,601.20 300.00,601.60 299.20,601.20 298.40,600.00"/>
    </edge>
    <edge id=":intersection_2_1_0" function="internal">
        <lane id=":intersection_2_1_0_0" index="0" speed="3.65" length="4.67" shape="600.00,298.40 601.20,299.20 601.60,300.00 601.20,300.80 600.00,301.60"/>
    </edge>

    <edge id="road_0_1_0" from="intersection_0_1" to="intersection_1_1" priority="-1">
        <lane id="road_0_1_0_0" index="0" speed="11.11" length="289.60" shape="0.00,295.20 289.60,295.20"/>
        <lane id="road_0_1_0_1" index="1" speed="11.11" length="289.60" shape="0.00,298.40 289.60,298.40"/>
    </edge>
    <edge id="road_1_0_1" from="intersection_1_0" to="intersection_1_1" priority="-1">
        <lane id="road_1_0_1_0" index="0" speed="11.11" length="289.60" shape="304.80,0.00 304.80,289.60"/>
        <lane id="road_1_0_1_1" index="1" speed="11.11" length="289.60" shape="301.60,0.00 301.60,289.60"/>
    </edge>
    <edge id="road_1_1_0" from="intersection_1_1" to="intersection_2_1" priority="-1">
        <lane id="road_1_1_0_0" index="0" speed="11.11" length="289.60" shape="310.40,295.20 600.00,295.20"/>
        <lane id="road_1_1_0_1" index="1" speed="11.11" length="289.60" shape="310.40,298.40 600.00,298.40"/>
    </edge>
    <edge id="road_1_1_1" from="intersection_1_1" to="intersection_1_2" priority="-1">
        <lane id="road_1_1_1_0" index="0" speed="11.11" length="289.60" shape="304.80,310.40 304.80,600.00"/>
        <lane id="road_1_1_1_1" index="1" speed="11.11" length="289.60" shape="301.60,310.40 301.60,600.00"/>
    </edge>
    <edge id="road_1_1_2" from="intersection_1_1" to="intersection_0_1" priority="-1">
        <lane id="road_1_1_2_0" index="0" speed="11.11" length="289.60" shape="289.60,304.80 0.00,304.80"/>
        <lane id="road_1_1_2_1" index="1" speed="11.11" length="289.60" shape="289.60,301.60 0.00,301.60"/>
    </edge>
    <edge id="road_1_1_3" from="intersection_1_1" to="intersection_1_0" priority="-1">
        <lane id="road_1_1_3_0" index="0" speed="11.11" length="289.60" shape="295.20,289.60 295.20,0.00"/>
        <lane id="road_1_1_3_1" index="1" speed="11.11" length="289.60" shape="298.40,289.60 298.40,0.00"/>
    </edge>
    <edge id="road_1_2_3" from="intersection_1_2" to="intersection_1_1" priority="-1">
        <lane id="road_1_2_3_0" index="0" speed="11.11" length="289.60" shape="295.20,600.00 295.20,310.40"/>
        <lane id="road_1_2_3_1" index="1" speed="11.11" length="289.60" shape="298.40,600.00 298.40,310.40"/>
    </edge>
    <edge id="road_2_1_2" from="intersection_2_1" to="intersection_1_1" priority="-1">
        <lane id="road_2_1_2_0" index="0" speed="11.11" length="289.60" shape="600.00,304.80 310.40,304.80"/>
        <lane id="road_2_1_2_1" index="1" speed="11.11" length="289.60" shape="600.00,301.60 310.40,301.60"/>
    </edge>

    <tlLogic id="intersection_1_1" type="static" programID="0" offset="0">
        <phase duration="30" state="rrrrGGrrrrrrGGrr"/>
        <phase duration="5"  state="rrrrrrrrrrrrrrrr"/>
        <phase duration="30" state="GGrrrrrrGGrrrrrr"/>
        <phase duration="5"  state="rrrrrrrrrrrrrrrr"/>
        <phase duration="30" state="rrrrrrGGrrrrrrGG"/>
        <phase duration="5"  state="rrrrrrrrrrrrrrrr"/>
        <phase duration="30" state="rrGGrrrrrrGGrrrr"/>
        <phase duration="5"  state="rrrrrrrrrrrrrrrr"/>
        <phase duration="30" state="rrrrrrrrrrrrGGGG"/>
        <phase duration="5"  state="rrrrrrrrrrrrrrrr"/>
        <phase duration="30" state="rrrrGGGGrrrrrrrr"/>
        <phase duration="5"  state="rrrrrrrrrrrrrrrr"/>
        <phase duration="30" state="rrrrrrrrGGGGrrrr"/>
        <phase duration="5"  state="rrrrrrrrrrrrrrrr"/>
        <phase duration="30" state="GGGGrrrrrrrrrrrr"/>
        <phase duration="5"  state="rrrrrrrrrrrrrrrr"/>
    </tlLogic>

    <junction id="intersection_0_1" type="priority" x="0.00" y="300.00" incLanes="road_1_1_2_0 road_1_1_2_1" intLanes=":intersection_0_1_0_0" shape="0.00,300.00 0.00,306.40 0.00,300.00">
        <request index="0" response="0" foes="0" cont="0"/>
    </junction>
    <junction id="intersection_1_0" type="priority" x="300.00" y="0.00" incLanes="road_1_1_3_0 road_1_1_3_1" intLanes=":intersection_1_0_0_0" shape="300.00,0.00 293.60,0.00 300.00,0.00">
        <request index="0" response="0" foes="0" cont="0"/>
    </junction>
    <junction id="intersection_1_1" type="traffic_light_right_on_red" x="300.00" y="300.00" incLanes="road_1_2_3_0 road_1_2_3_1 road_2_1_2_0 road_2_1_2_1 road_1_0_1_0 road_1_0_1_1 road_0_1_0_0 road_0_1_0_1" intLanes=":intersection_1_1_0_0 :intersection_1_1_0_1 :intersection_1_1_2_0 :intersection_1_1_2_1 :intersection_1_1_4_0 :intersection_1_1_4_1 :intersection_1_1_6_0 :intersection_1_1_6_1 :intersection_1_1_8_0 :intersection_1_1_8_1 :intersection_1_1_10_0 :intersection_1_1_10_1 :intersection_1_1_12_0 :intersection_1_1_12_1 :intersection_1_1_14_0 :intersection_1_1_14_1" shape="293.60,310.40 306.40,310.40 306.84,308.18 307.40,307.40 308.18,306.84 309.18,306.51 310.40,306.40 310.40,293.60 308.18,293.16 307.40,292.60 306.84,291.82 306.51,290.82 306.40,289.60 293.60,289.60 293.16,291.82 292.60,292.60 291.82,293.16 290.82,293.49 289.60,293.60 289.60,306.40 291.82,306.84 292.60,307.40 293.16,308.18 293.49,309.18">
        <request index="0"  response="0000000000000000" foes="1111110011110000" cont="0"/>
        <request index="1"  response="0000000000000000" foes="1111110011110000" cont="0"/>
        <request index="2"  response="0000001100000000" foes="1111011111110000" cont="0"/>
        <request index="3"  response="0000001100000000" foes="1111001111110000" cont="0"/>
        <request index="4"  response="0000111100001111" foes="1100111100001111" cont="0"/>
        <request index="5"  response="0000111100001111" foes="1100111100001111" cont="0"/>
        <request index="6"  response="0011111100001111" foes="0111111100001111" cont="0"/>
        <request index="7"  response="0011111100001111" foes="0011111100001111" cont="0"/>
        <request index="8"  response="0000000000000000" foes="1111000011111100" cont="0"/>
        <request index="9"  response="0000000000000000" foes="1111000011111100" cont="0"/>
        <request index="10" response="0000000000000111" foes="1111000011110111" cont="0"/>
        <request index="11" response="0000000000000011" foes="1111000011110011" cont="0"/>
        <request index="12" response="0000111100001111" foes="0000111111001111" cont="0"/>
        <request index="13" response="0000111100001111" foes="0000111111001111" cont="0"/>
        <request index="14" response="0000111101111111" foes="0000111101111111" cont="0"/>
        <request index="15" response="0000111100111111" foes="0000111100111111" cont="0"/>
    </junction>
    <junction id="intersection_1_2" type="priority" x="300.00" y="600.00" incLanes="road_1_1_1_0 road_1_1_1_1" intLanes=":intersection_1_2_0_0" shape="300.00,600.00 306.40,600.00 300.00,600.00">
        <request index="0" response="0" foes="0" cont="0"/>
    </junction>
    <junction id="intersection_2_1" type="priority" x="600.00" y="300.00" incLanes="road_1_1_0_0 road_1_1_0_1" intLanes=":intersection_2_1_0_0" shape="600.00,300.00 600.00,293.60 600.00,300.00">
        <request index="0" response="0" foes="0" cont="0"/>
    </junction>

    <connection from="road_0_1_0" to="road_1_1_0" fromLane="0" toLane="0" via=":intersection_1_1_12_0" tl="intersection_1_1" linkIndex="12" dir="s" state="o"/>
    <connection from="road_0_1_0" to="road_1_1_0" fromLane="0" toLane="1" via=":intersection_1_1_12_1" tl="intersection_1_1" linkIndex="13" dir="s" state="o"/>
    <connection from="road_0_1_0" to="road_1_1_1" fromLane="1" toLane="0" via=":intersection_1_1_14_0" tl="intersection_1_1" linkIndex="14" dir="l" state="o"/>
    <connection from="road_0_1_0" to="road_1_1_1" fromLane="1" toLane="1" via=":intersection_1_1_14_1" tl="intersection_1_1" linkIndex="15" dir="l" state="o"/>
    <connection from="road_1_0_1" to="road_1_1_1" fromLane="0" toLane="0" via=":intersection_1_1_8_0" tl="intersection_1_1" linkIndex="8" dir="s" state="O"/>
    <connection from="road_1_0_1" to="road_1_1_1" fromLane="0" toLane="1" via=":intersection_1_1_8_1" tl="intersection_1_1" linkIndex="9" dir="s" state="O"/>
    <connection from="road_1_0_1" to="road_1_1_2" fromLane="1" toLane="0" via=":intersection_1_1_10_0" tl="intersection_1_1" linkIndex="10" dir="l" state="o"/>
    <connection from="road_1_0_1" to="road_1_1_2" fromLane="1" toLane="1" via=":intersection_1_1_10_1" tl="intersection_1_1" linkIndex="11" dir="l" state="o"/>
    <connection from="road_1_1_0" to="road_2_1_2" fromLane="1" toLane="1" via=":intersection_2_1_0_0" dir="t" state="M"/>
    <connection from="road_1_1_1" to="road_1_2_3" fromLane="1" toLane="1" via=":intersection_1_2_0_0" dir="t" state="M"/>
    <connection from="road_1_1_2" to="road_0_1_0" fromLane="1" toLane="1" via=":intersection_0_1_0_0" dir="t" state="M"/>
    <connection from="road_1_1_3" to="road_1_0_1" fromLane="1" toLane="1" via=":intersection_1_0_0_0" dir="t" state="M"/>
    <connection from="road_1_2_3" to="road_1_1_3" fromLane="0" toLane="0" via=":intersection_1_1_0_0" tl="intersection_1_1" linkIndex="0" dir="s" state="O"/>
    <connection from="road_1_2_3" to="road_1_1_3" fromLane="0" toLane="1" via=":intersection_1_1_0_1" tl="intersection_1_1" linkIndex="1" dir="s" state="O"/>
    <connection from="road_1_2_3" to="road_1_1_0" fromLane="1" toLane="0" via=":intersection_1_1_2_0" tl="intersection_1_1" linkIndex="2" dir="l" state="o"/>
    <connection from="road_1_2_3" to="road_1_1_0" fromLane="1" toLane="1" via=":intersection_1_1_2_1" tl="intersection_1_1" linkIndex="3" dir="l" state="o"/>
    <connection from="road_2_1_2" to="road_1_1_2" fromLane="0" toLane="0" via=":intersection_1_1_4_0" tl="intersection_1_1" linkIndex="4" dir="s" state="o"/>
    <connection from="road_2_1_2" to="road_1_1_2" fromLane="0" toLane="1" via=":intersection_1_1_4_1" tl="intersection_1_1" linkIndex="5" dir="s" state="o"/>
    <connection from="road_2_1_2" to="road_1_1_3" fromLane="1" toLane="0" via=":intersection_1_1_6_0" tl="intersection_1_1" linkIndex="6" dir="l" state="o"/>
    <connection from="road_2_1_2" to="road_1_1_3" fromLane="1" toLane="1" via=":intersection_1_1_6_1" tl="intersection_1_1" linkIndex="7" dir="l" state="o"/>

    <connection from=":intersection_0_1_0" to="road_0_1_0" fromLane="0" toLane="1" dir="t" state="M"/>
    <connection from=":intersection_1_0_0" to="road_1_0_1" fromLane="0" toLane="1" dir="t" state="M"/>
    <connection from=":intersection_1_1_0" to="road_1_1_3" fromLane="0" toLane="0" dir="s" state="M"/>
    <connection from=":intersection_1_1_0" to="road_1_1_3" fromLane="1" toLane="1" dir="s" state="M"/>
    <connection from=":intersection_1_1_2" to="road_1_1_0" fromLane="0" toLane="0" dir="l" state="M"/>
    <connection from=":intersection_1_1_2" to="road_1_1_0" fromLane="1" toLane="1" dir="l" state="M"/>
    <connection from=":intersection_1_1_4" to="road_1_1_2" fromLane="0" toLane="0" dir="s" state="M"/>
    <connection from=":intersection_1_1_4" to="road_1_1_2" fromLane="1" toLane="1" dir="s" state="M"/>
    <connection from=":intersection_1_1_6" to="road_1_1_3" fromLane="0" toLane="0" dir="l" state="M"/>
    <connection from=":intersection_1_1_6" to="road_1_1_3" fromLane="1" toLane="1" dir="l" state="M"/>
    <connection from=":intersection_1_1_8" to="road_1_1_1" fromLane="0" toLane="0" dir="s" state="M"/>
    <connection from=":intersection_1_1_8" to="road_1_1_1" fromLane="1" toLane="1" dir="s" state="M"/>
    <connection from=":intersection_1_1_10" to="road_1_1_2" fromLane="0" toLane="0" dir="l" state="M"/>
    <connection from=":intersection_1_1_10" to="road_1_1_2" fromLane="1" toLane="1" dir="l" state="M"/>
    <connection from=":intersection_1_1_12" to="road_1_1_0" fromLane="0" toLane="0" dir="s" state="M"/>
    <connection from=":intersection_1_1_12" to="road_1_1_0" fromLane="1" toLane="1" dir="s" state="M"/>
    <connection from=":intersection_1_1_14" to="road_1_1_1" fromLane="0" toLane="0" dir="l" state="M"/>
    <connection from=":intersection_1_1_14" to="road_1_1_1" fromLane="1" toLane="1" dir="l" state="M"/>
    <connection from=":intersection_1_2_0" to="road_1_2_3" fromLane="0" toLane="1" dir="t" state="M"/>
    <connection from=":intersection_2_1_0" to="road_2_1_2" fromLane="0" toLane="1" dir="t" state="M"/>

</net>
