{
  "intersections": [
    {
      "id": "intersection_0_1",
      "point": {
        "x": -300,
        "y": 0
      },
      "width": 0,
      "roads": [
        "road_1_1_2",
        "road_0_1_0"
      ],
      "roadLinks": [],
      "trafficLight": {
        "roadLinkIndices": [],
        "lightphases": [
          {
            "time": 5,
            "availableRoadLinks": []
          },
          {
            "time": 30,
            "availableRoadLinks": []
          },
          {
            "time": 30,
            "availableRoadLinks": []
          },
          {
            "time": 30,
            "availableRoadLinks": []
          },
          {
            "time": 30,
            "availableRoadLinks": []
          },
          {
            "time": 30,
            "availableRoadLinks": []
          },
          {
            "time": 30,
            "availableRoadLinks": []
          },
          {
            "time": 30,
            "availableRoadLinks": []
          },
          {
            "time": 30,
            "availableRoadLinks": []
          }
        ]
      },
      "virtual": true
    },
    {
      "id": "intersection_1_0",
      "point": {
        "x": 0,
        "y": -300
      },
      "width": 0,
      "roads": [
        "road_1_1_3",
        "road_1_0_1"
      ],
      "roadLinks": [],
      "trafficLight": {
        "roadLinkIndices": [],
        "lightphases": [
          {
            "time": 5,
            "availableRoadLinks": []
          },
          {
            "time": 30,
            "availableRoadLinks": []
          },
          {
            "time": 30,
            "availableRoadLinks": []
          },
          {
            "time": 30,
            "availableRoadLinks": []
          },
          {
            "time": 30,
            "availableRoadLinks": []
          },
          {
            "time": 30,
            "availableRoadLinks": []
          },
          {
            "time": 30,
            "availableRoadLinks": []
          },
          {
            "time": 30,
            "availableRoadLinks": []
          },
          {
            "time": 30,
            "availableRoadLinks": []
          }
        ]
      },
      "virtual": true
    },
    {
      "id": "intersection_1_1",
      "point": {
        "x": 0,
        "y": 0
      },
      "width": 10,
      "roads": [
        "road_0_1_0",
        "road_1_0_1",
        "road_2_1_2",
        "road_1_2_3",
        "road_1_1_0",
        "road_1_1_1",
        "road_1_1_2",
        "road_1_1_3"
      ],
      "roadLinks": [
        {
          "type": "go_straight",
          "startRoad": "road_0_1_0",
          "endRoad": "road_1_1_0",
          "direction": 0,
          "laneLinks": [
            {
              "startLaneIndex": 1,
              "endLaneIndex": 0,
              "points": [
                {
                  "x": -10.0,
                  "y": -4.5
                },
                {
                  "x": -8.72,
                  "y": -4.416
                },
                {
                  "x": -6.96,
                  "y": -4.188
                },
                {
                  "x": -4.84,
                  "y": -3.852
                },
                {
                  "x": -2.48,
                  "y": -3.444
                },
                {
                  "x": 0.0,
                  "y": -3.0
                },
                {
                  "x": 2.48,
                  "y": -2.556
                },
                {
                  "x": 4.84,
                  "y": -2.148
                },
                {
                  "x": 6.96,
                  "y": -1.811999999999999
                },
                {
                  "x": 8.72,
                  "y": -1.584
                },
                {
                  "x": 10.0,
                  "y": -1.5
                }
              ]
            },
            {
              "startLaneIndex": 1,
              "endLaneIndex": 1,
              "points": [
                {
                  "x": -10.0,
                  "y": -4.5
                },
                {
                  "x": -8.72,
                  "y": -4.5
                },
                {
                  "x": -6.96,
                  "y": -4.5
                },
                {
                  "x": -4.84,
                  "y": -4.5
                },
                {
                  "x": -2.48,
                  "y": -4.5
                },
                {
                  "x": 0.0,
                  "y": -4.5
                },
                {
                  "x": 2.48,
                  "y": -4.5
                },
                {
                  "x": 4.84,
                  "y": -4.5
                },
                {
                  "x": 6.96,
                  "y": -4.499999999999999
                },
                {
                  "x": 8.72,
                  "y": -4.5
                },
                {
                  "x": 10.0,
                  "y": -4.5
                }
              ]
            }
          ]
        },
        {
          "type": "turn_left",
          "startRoad": "road_0_1_0",
          "endRoad": "road_1_1_1",
          "direction": 0,
          "laneLinks": [
            {
              "startLaneIndex": 0,
              "endLaneIndex": 0,
              "points": [
                {
                  "x": -10.0,
                  "y": -1.5
                },
                {
                  "x": -8.868,
                  "y": -1.268
                },
                {
                  "x": -7.524,
                  "y": -0.624
                },
                {
                  "x": -6.046,
                  "y": 0.354
                },
                {
                  "x": -4.512,
                  "y": 1.588
                },
                {
                  "x": -3.0,
                  "y": 3.0
                },
                {
                  "x": -1.588,
                  "y": 4.512
                },
                {
                  "x": -0.354,
                  "y": 6.046
                },
                {
                  "x": 0.624,
                  "y": 7.524
                },
                {
                  "x": 1.268,
                  "y": 8.868
                },
                {
                  "x": 1.5,
                  "y": 10.0
                }
              ]
            },
            {
              "startLaneIndex": 0,
              "endLaneIndex": 1,
              "points": [
                {
                  "x": -10.0,
                  "y": -1.5
                },
                {
                  "x": -8.784,
                  "y": -1.268
                },
                {
                  "x": -7.212,
                  "y": -0.624
                },
                {
                  "x": -5.398,
                  "y": 0.354
                },
                {
                  "x": -3.456,
                  "y": 1.588
                },
                {
                  "x": -1.5,
                  "y": 3.0
                },
                {
                  "x": 0.356,
                  "y": 4.512
                },
                {
                  "x": 1.998,
                  "y": 6.046
                },
                {
                  "x": 3.312,
                  "y": 7.524
                },
                {
                  "x": 4.184,
                  "y": 8.868
                },
                {
                  "x": 4.5,
                  "y": 10.0
                }
              ]
            }
          ]
        },
        {
          "type": "go_straight",
          "startRoad": "road_1_0_1",
          "endRoad": "road_1_1_1",
          "direction": 1,
          "laneLinks": [
            {
              "startLaneIndex": 1,
              "endLaneIndex": 0,
              "points": [
                {
                  "x": 4.5,
                  "y": -10.0
                },
                {
                  "x": 4.416,
                  "y": -8.72
                },
                {
                  "x": 4.188,
                  "y": -6.96
                },
                {
                  "x": 3.852,
                  "y": -4.84
                },
                {
                  "x": 3.444,
                  "y": -2.48
                },
                {
                  "x": 3.0,
                  "y": 0.0
                },
                {
                  "x": 2.556,
                  "y": 2.48
                },
                {
                  "x": 2.148,
                  "y": 4.84
                },
                {
                  "x": 1.811999999999999,
                  "y": 6.96
                },
                {
                  "x": 1.584,
                  "y": 8.72
                },
                {
                  "x": 1.5,
                  "y": 10.0
                }
              ]
            },
            {
              "startLaneIndex": 1,
              "endLaneIndex": 1,
              "points": [
                {
                  "x": 4.5,
                  "y": -10.0
                },
                {
                  "x": 4.5,
                  "y": -8.72
                },
                {
                  "x": 4.5,
                  "y": -6.96
                },
                {
                  "x": 4.5,
                  "y": -4.84
                },
                {
                  "x": 4.5,
                  "y": -2.48
                },
                {
                  "x": 4.5,
                  "y": 0.0
                },
                {
                  "x": 4.5,
                  "y": 2.48
                },
                {
                  "x": 4.5,
                  "y": 4.84
                },
                {
                  "x": 4.499999999999999,
                  "y": 6.96
                },
                {
                  "x": 4.5,
                  "y": 8.72
                },
                {
                  "x": 4.5,
                  "y": 10.0
                }
              ]
            }
          ]
        },
        {
          "type": "turn_left",
          "startRoad": "road_1_0_1",
          "endRoad": "road_1_1_2",
          "direction": 1,
          "laneLinks": [
            {
              "startLaneIndex": 0,
              "endLaneIndex": 0,
              "points": [
                {
                  "x": 1.5,
                  "y": -10.0
                },
                {
                  "x": 1.268,
                  "y": -8.868
                },
                {
                  "x": 0.624,
                  "y": -7.524
                },
                {
                  "x": -0.354,
                  "y": -6.046
                },
                {
                  "x": -1.588,
                  "y": -4.512
                },
                {
                  "x": -3.0,
                  "y": -3.0
                },
                {
                  "x": -4.512,
                  "y": -1.588
                },
                {
                  "x": -6.046,
                  "y": -0.354
                },
                {
                  "x": -7.524,
                  "y": 0.624
                },
                {
                  "x": -8.868,
                  "y": 1.268
                },
                {
                  "x": -10.0,
                  "y": 1.5
                }
              ]
            },
            {
              "startLaneIndex": 0,
              "endLaneIndex": 1,
              "points": [
                {
                  "x": 1.5,
                  "y": -10.0
                },
                {
                  "x": 1.268,
                  "y": -8.784
                },
                {
                  "x": 0.624,
                  "y": -7.212
                },
                {
                  "x": -0.354,
                  "y": -5.398
                },
                {
                  "x": -1.588,
                  "y": -3.456
                },
                {
                  "x": -3.0,
                  "y": -1.5
                },
                {
                  "x": -4.512,
                  "y": 0.356
                },
                {
                  "x": -6.046,
                  "y": 1.998
                },
                {
                  "x": -7.524,
                  "y": 3.312
                },
                {
                  "x": -8.868,
                  "y": 4.184
                },
                {
                  "x": -10.0,
                  "y": 4.5
                }
              ]
            }
          ]
        },
        {
          "type": "go_straight",
          "startRoad": "road_2_1_2",
          "endRoad": "road_1_1_2",
          "direction": 2,
          "laneLinks": [
            {
              "startLaneIndex": 1,
              "endLaneIndex": 0,
              "points": [
                {
                  "x": 10.0,
                  "y": 4.5
                },
                {
                  "x": 8.72,
                  "y": 4.416
                },
                {
                  "x": 6.96,
                  "y": 4.188
                },
                {
                  "x": 4.84,
                  "y": 3.852
                },
                {
                  "x": 2.48,
                  "y": 3.444
                },
                {
                  "x": 0.0,
                  "y": 3.0
                },
                {
                  "x": -2.48,
                  "y": 2.556
                },
                {
                  "x": -4.84,
                  "y": 2.148
                },
                {
                  "x": -6.96,
                  "y": 1.811999999999999
                },
                {
                  "x": -8.72,
                  "y": 1.584
                },
                {
                  "x": -10.0,
                  "y": 1.5
                }
              ]
            },
            {
              "startLaneIndex": 1,
              "endLaneIndex": 1,
              "points": [
                {
                  "x": 10.0,
                  "y": 4.5
                },
                {
                  "x": 8.72,
                  "y": 4.5
                },
                {
                  "x": 6.96,
                  "y": 4.5
                },
                {
                  "x": 4.84,
                  "y": 4.5
                },
                {
                  "x": 2.48,
                  "y": 4.5
                },
                {
                  "x": 0.0,
                  "y": 4.5
                },
                {
                  "x": -2.48,
                  "y": 4.5
                },
                {
                  "x": -4.84,
                  "y": 4.5
                },
                {
                  "x": -6.96,
                  "y": 4.499999999999999
                },
                {
                  "x": -8.72,
                  "y": 4.5
                },
                {
                  "x": -10.0,
                  "y": 4.5
                }
              ]
            }
          ]
        },
        {
          "type": "turn_left",
          "startRoad": "road_2_1_2",
          "endRoad": "road_1_1_3",
          "direction": 2,
          "laneLinks": [
            {
              "startLaneIndex": 0,
              "endLaneIndex": 0,
              "points": [
                {
                  "x": 10.0,
                  "y": 1.5
                },
                {
                  "x": 8.868,
                  "y": 1.268
                },
                {
                  "x": 7.524,
                  "y": 0.624
                },
                {
                  "x": 6.046,
                  "y": -0.354
                },
                {
                  "x": 4.512,
                  "y": -1.588
                },
                {
                  "x": 3.0,
                  "y": -3.0
                },
                {
                  "x": 1.588,
                  "y": -4.512
                },
                {
                  "x": 0.354,
                  "y": -6.046
                },
                {
                  "x": -0.624,
                  "y": -7.524
                },
                {
                  "x": -1.268,
                  "y": -8.868
                },
                {
                  "x": -1.5,
                  "y": -10.0
                }
              ]
            },
            {
              "startLaneIndex": 0,
              "endLaneIndex": 1,
              "points": [
                {
                  "x": 10.0,
                  "y": 1.5
                },
                {
                  "x": 8.784,
                  "y": 1.268
                },
                {
                  "x": 7.212,
                  "y": 0.624
                },
                {
                  "x": 5.398,
                  "y": -0.354
                },
                {
                  "x": 3.456,
                  "y": -1.588
                },
                {
                  "x": 1.5,
                  "y": -3.0
                },
                {
                  "x": -0.356,
                  "y": -4.512
                },
                {
                  "x": -1.998,
                  "y": -6.046
                },
                {
                  "x": -3.312,
                  "y": -7.524
                },
                {
                  "x": -4.184,
                  "y": -8.868
                },
                {
                  "x": -4.5,
                  "y": -10.0
                }
              ]
            }
          ]
        },
        {
          "type": "turn_left",
          "startRoad": "road_1_2_3",
          "endRoad": "road_1_1_0",
          "direction": 3,
          "laneLinks": [
            {
              "startLaneIndex": 0,
              "endLaneIndex": 0,
              "points": [
                {
                  "x": -1.5,
                  "y": 10.0
                },
                {
                  "x": -1.268,
                  "y": 8.868
                },
                {
                  "x": -0.624,
                  "y": 7.524
                },
                {
                  "x": 0.354,
                  "y": 6.046
                },
                {
                  "x": 1.588,
                  "y": 4.512
                },
                {
                  "x": 3.0,
                  "y": 3.0
                },
                {
                  "x": 4.512,
                  "y": 1.588
                },
                {
                  "x": 6.046,
                  "y": 0.354
                },
                {
                  "x": 7.524,
                  "y": -0.624
                },
                {
                  "x": 8.868,
                  "y": -1.268
                },
                {
                  "x": 10.0,
                  "y": -1.5
                }
              ]
            },
            {
              "startLaneIndex": 0,
              "endLaneIndex": 1,
              "points": [
                {
                  "x": -1.5,
                  "y": 10.0
                },
                {
                  "x": -1.268,
                  "y": 8.784
                },
                {
                  "x": -0.624,
                  "y": 7.212
                },
                {
                  "x": 0.354,
                  "y": 5.398
                },
                {
                  "x": 1.588,
                  "y": 3.456
                },
                {
                  "x": 3.0,
                  "y": 1.5
                },
                {
                  "x": 4.512,
                  "y": -0.356
                },
                {
                  "x": 6.046,
                  "y": -1.998
                },
                {
                  "x": 7.524,
                  "y": -3.312
                },
                {
                  "x": 8.868,
                  "y": -4.184
                },
                {
                  "x": 10.0,
                  "y": -4.5
                }
              ]
            }
          ]
        },
        {
          "type": "go_straight",
          "startRoad": "road_1_2_3",
          "endRoad": "road_1_1_3",
          "direction": 3,
          "laneLinks": [
            {
              "startLaneIndex": 1,
              "endLaneIndex": 0,
              "points": [
                {
                  "x": -4.5,
                  "y": 10.0
                },
                {
                  "x": -4.416,
                  "y": 8.72
                },
                {
                  "x": -4.188,
                  "y": 6.96
                },
                {
                  "x": -3.852,
                  "y": 4.84
                },
                {
                  "x": -3.444,
                  "y": 2.48
                },
                {
                  "x": -3.0,
                  "y": 0.0
                },
                {
                  "x": -2.556,
                  "y": -2.48
                },
                {
                  "x": -2.148,
                  "y": -4.84
                },
                {
                  "x": -1.811999999999999,
                  "y": -6.96
                },
                {
                  "x": -1.584,
                  "y": -8.72
                },
                {
                  "x": -1.5,
                  "y": -10.0
                }
              ]
            },
            {
              "startLaneIndex": 1,
              "endLaneIndex": 1,
              "points": [
                {
                  "x": -4.5,
                  "y": 10.0
                },
                {
                  "x": -4.5,
                  "y": 8.72
                },
                {
                  "x": -4.5,
                  "y": 6.96
                },
                {
                  "x": -4.5,
                  "y": 4.84
                },
                {
                  "x": -4.5,
                  "y": 2.48
                },
                {
                  "x": -4.5,
                  "y": 0.0
                },
                {
                  "x": -4.5,
                  "y": -2.48
                },
                {
                  "x": -4.5,
                  "y": -4.84
                },
                {
                  "x": -4.499999999999999,
                  "y": -6.96
                },
                {
                  "x": -4.5,
                  "y": -8.72
                },
                {
                  "x": -4.5,
                  "y": -10.0
                }
              ]
            }
          ]
        }
      ],
      "trafficLight": {
        "roadLinkIndices": [
          0,
          1,
          2,
          3,
          4,
          5,
          6,
          7
        ],
        "lightphases": [
          {
            "time": 30,
            "availableRoadLinks": [
              0,
              4
            ]
          },
          {
            "time": 5,
            "availableRoadLinks": []
          },
          {
            "time": 30,
            "availableRoadLinks": [
              2,
              7
            ]
          },
          {
            "time": 5,
            "availableRoadLinks": []
          },
          {
            "time": 30,
            "availableRoadLinks": [
              1,
              5
            ]
          },
          {
            "time": 5,
            "availableRoadLinks": []
          },
          {
            "time": 30,
            "availableRoadLinks": [
              3,
              6
            ]
          },
          {
            "time": 5,
            "availableRoadLinks": []
          },
          {
            "time": 30,
            "availableRoadLinks": [
              0,
              1
            ]
          },
          {
            "time": 5,
            "availableRoadLinks": []
          },
          {
            "time": 30,
            "availableRoadLinks": [
              4,
              5
            ]
          },
          {
            "time": 5,
            "availableRoadLinks": []
          },
          {
            "time": 30,
            "availableRoadLinks": [
              2,
              3
            ]
          },
          {
            "time": 5,
            "availableRoadLinks": []
          },
          {
            "time": 30,
            "availableRoadLinks": [
              6,
              7
            ]
          }
        ]
      },
      "virtual": false
    },
    {
      "id": "intersection_1_2",
      "point": {
        "x": 0,
        "y": 300
      },
      "width": 0,
      "roads": [
        "road_1_1_1",
        "road_1_2_3"
      ],
      "roadLinks": [],
      "trafficLight": {
        "roadLinkIndices": [],
        "lightphases": [
          {
            "time": 5,
            "availableRoadLinks": []
          },
          {
            "time": 30,
            "availableRoadLinks": []
          },
          {
            "time": 30,
            "availableRoadLinks": []
          },
          {
            "time": 30,
            "availableRoadLinks": []
          },
          {
            "time": 30,
            "availableRoadLinks": []
          },
          {
            "time": 30,
            "availableRoadLinks": []
          },
          {
            "time": 30,
            "availableRoadLinks": []
          },
          {
            "time": 30,
            "availableRoadLinks": []
          },
          {
            "time": 30,
            "availableRoadLinks": []
          }
        ]
      },
      "virtual": true
    },
    {
      "id": "intersection_2_1",
      "point": {
        "x": 300,
        "y": 0
      },
      "width": 0,
      "roads": [
        "road_1_1_0",
        "road_2_1_2"
      ],
      "roadLinks": [],
      "trafficLight": {
        "roadLinkIndices": [],
        "lightphases": [
          {
            "time": 5,
            "availableRoadLinks": []
          },
          {
            "time": 30,
            "availableRoadLinks": []
          },
          {
            "time": 30,
            "availableRoadLinks": []
          },
          {
            "time": 30,
            "availableRoadLinks": []
          },
          {
            "time": 30,
            "availableRoadLinks": []
          },
          {
            "time": 30,
            "availableRoadLinks": []
          },
          {
            "time": 30,
            "availableRoadLinks": []
          },
          {
            "time": 30,
            "availableRoadLinks": []
          },
          {
            "time": 30,
            "availableRoadLinks": []
          }
        ]
      },
      "virtual": true
    }
  ],
  "roads": [
    {
      "id": "road_0_1_0",
      "points": [
        {
          "x": -300,
          "y": 0
        },
        {
          "x": 0,
          "y": 0
        }
      ],
      "lanes": [
        {
          "width": 3,
          "maxSpeed": 11.11
        },
        {
          "width": 3,
          "maxSpeed": 11.11
        }
      ],
      "startIntersection": "intersection_0_1",
      "endIntersection": "intersection_1_1"
    },
    {
      "id": "road_1_0_1",
      "points": [
        {
          "x": 0,
          "y": -300
        },
        {
          "x": 0,
          "y": 0
        }
      ],
      "lanes": [
        {
          "width": 3,
          "maxSpeed": 11.11
        },
        {
          "width": 3,
          "maxSpeed": 11.11
        }
      ],
      "startIntersection": "intersection_1_0",
      "endIntersection": "intersection_1_1"
    },
    {
      "id": "road_1_1_0",
      "points": [
        {
          "x": 0,
          "y": 0
        },
        {
          "x": 300,
          "y": 0
        }
      ],
      "lanes": [
        {
          "width": 3,
          "maxSpeed": 11.11
        },
        {
          "width": 3,
          "maxSpeed": 11.11
        }
      ],
      "startIntersection": "intersection_1_1",
      "endIntersection": "intersection_2_1"
    },
    {
      "id": "road_1_1_1",
      "points": [
        {
          "x": 0,
          "y": 0
        },
        {
          "x": 0,
          "y": 300
        }
      ],
      "lanes": [
        {
          "width": 3,
          "maxSpeed": 11.11
        },
        {
          "width": 3,
          "maxSpeed": 11.11
        }
      ],
      "startIntersection": "intersection_1_1",
      "endIntersection": "intersection_1_2"
    },
    {
      "id": "road_1_1_2",
      "points": [
        {
          "x": 0,
          "y": 0
        },
        {
          "x": -300,
          "y": 0
        }
      ],
      "lanes": [
        {
          "width": 3,
          "maxSpeed": 11.11
        },
        {
          "width": 3,
          "maxSpeed": 11.11
        }
      ],
      "startIntersection": "intersection_1_1",
      "endIntersection": "intersection_0_1"
    },
    {
      "id": "road_1_1_3",
      "points": [
        {
          "x": 0,
          "y": 0
        },
        {
          "x": 0,
          "y": -300
        }
      ],
      "lanes": [
        {
          "width": 3,
          "maxSpeed": 11.11
        },
        {
          "width": 3,
          "maxSpeed": 11.11
        }
      ],
      "startIntersection": "intersection_1_1",
      "endIntersection": "intersection_1_0"
    },
    {
      "id": "road_1_2_3",
      "points": [
        {
          "x": 0,
          "y": 300
        },
        {
          "x": 0,
          "y": 0
        }
      ],
      "lanes": [
        {
          "width": 3,
          "maxSpeed": 11.11
        },
        {
          "width": 3,
          "maxSpeed": 11.11
        }
      ],
      "startIntersection": "intersection_1_2",
      "endIntersection": "intersection_1_1"
    },
    {
      "id": "road_2_1_2",
      "points": [
        {
          "x": 300,
          "y": 0
        },
        {
          "x": 0,
          "y": 0
        }
      ],
      "lanes": [
        {
          "width": 3,
          "maxSpeed": 11.11
        },
        {
          "width": 3,
          "maxSpeed": 11.11
        }
      ],
      "startIntersection": "intersection_2_1",
      "endIntersection": "intersection_1_1"
    }
  ]
}